2	3	0	0	0	0	0	0	0	0	0	0	0	0	0	0	0	0	0	0	0	0	0	0	0	0	0	0	0	0	0	0	0	0	1	0	0	0	1	0	0	1	0	0	0	0	0	1	0	0	0	0	0	0	0	0	0
3	3	0	0	0	0	0	0	0	0	0	0	0	0	0	0	0	0	0	0	0	0	0	0	0	0	0	0	0	0	0	0	0	0	1	0	0	0	1	1	0	0	0	0	0	0	0	1	0	0	0	0	0	0	0	0	0
3	1	0	0	0	0	0	0	0	0	0	0	0	0	0	0	0	0	0	0	0	0	0	0	0	1	0	0	1	0	0	0	0	0	1	0	0	1	1	1	0	0	0	0	0	0	0	1	0	0	0	0	0	0	0	0	0
4	10	0	0	0	0	0	0	0	0	0	0	0	0	0	0	0	0	0	0	0	0	0	0	0	0	0	0	0	0	0	0	0	0	1	0	0	0	3	0	0	0	1	0	0	0	0	1	0	0	0	0	0	0	0	0	0
5	10	0	0	0	0	0	0	0	0	0	0	0	0	0	0	0	0	0	0	0	0	0	0	0	0	0	0	0	0	0	0	0	0	1	0	0	0	3	0	0	0	1	0	0	0	0	1	0	0	0	0	0	0	0	0	0
6	5	0	0	0	0	0	0	0	0	0	0	0	0	0	0	0	0	0	0	0	0	0	0	0	1	0	0	1	0	0	0	0	0	1	0	0	1	2	2	0	0	0	0	0	0	0	2	0	0	0	0	0	0	0	0	0
12	3	0	0	0	0	0	0	0	0	0	0	0	0	0	0	0	0	0	0	0	0	0	0	0	0	0	0	0	0	0	0	0	0	1	0	0	0	1	1	0	0	0	0	0	0	0	1	0	0	0	0	0	0	0	0	0
13	58	0	0	0	0	0	0	0	0	0	0	0	0	0	0	0	0	0	0	0	0	0	0	0	1	0	0	1	0	0	0	0	0	1	0	0	1	1	0	0	0	0	0	0	0	0	2	0	0	0	0	0	0	0	0	0
13	23	0	0	0	0	0	0	0	0	0	0	0	0	0	0	0	1	0	0	0	0	0	0	0	0	0	0	1	0	0	0	0	0	1	0	0	1	1	0	0	0	0	0	0	0	0	2	0	0	0	0	0	0	0	0	0
13	3	0	0	0	0	0	0	0	0	0	0	0	0	0	0	0	0	0	0	0	0	0	0	0	0	0	0	0	0	0	0	0	0	1	0	0	0	1	0	0	1	0	0	0	0	0	1	0	0	0	0	0	0	0	0	0
14	2	0	0	0	0	0	0	0	0	0	0	0	0	0	0	0	0	0	0	0	0	0	0	0	1	0	0	1	0	0	0	0	0	1	0	0	1	2	1	0	0	0	0	0	0	1	2	0	0	0	0	0	0	0	0	0
14	4	0	0	0	0	0	0	0	0	0	0	0	0	0	0	0	1	0	0	0	0	0	0	0	0	0	0	1	0	0	0	0	0	1	0	0	1	2	1	0	0	0	0	0	0	1	2	0	0	0	0	0	0	0	0	0
15	5	0	0	0	0	0	0	0	0	0	0	0	0	0	0	0	0	0	0	0	0	0	0	0	0	0	0	0	0	0	0	0	0	1	0	0	0	3	0	0	0	1	0	0	0	0	1	0	0	0	0	0	0	3	0	0
16	22	1	2	0	0	0	0	0	1	0	0	0	0	0	0	0	0	0	0	0	0	0	0	0	1	0	0	1	1	1	0	0	0	1	0	0	1	1	0	0	0	0	0	0	0	0	1	0	0	1	0	0	0	1	0	0
17	54	1	2	0	0	0	0	0	1	0	0	0	0	0	0	0	0	0	0	0	0	0	0	0	1	0	0	1	1	1	0	0	0	1	0	0	1	3	0	0	0	0	0	0	0	0	1	0	0	1	0	0	0	1	0	0
19	54	1	2	0	0	0	0	0	1	0	0	0	0	0	0	0	0	0	0	0	0	0	0	0	1	0	0	1	1	1	0	0	0	1	0	0	1	3	0	0	0	0	0	0	0	0	1	0	0	1	0	0	0	1	0	0
22	10	0	0	0	0	0	0	0	0	0	0	0	0	0	0	0	0	0	0	0	0	0	0	0	0	0	0	0	0	0	0	0	0	1	0	0	0	3	0	0	0	1	0	0	0	0	1	0	0	0	0	0	0	0	0	0
23	5	0	0	0	0	0	0	0	0	0	0	0	0	0	0	0	0	0	0	0	0	0	0	0	1	0	0	1	0	0	0	0	0	1	0	0	1	1	0	0	0	0	0	0	0	0	2	0	0	1	0	0	0	0	0	0
24	4	0	0	0	0	0	0	0	0	0	0	0	0	0	0	0	0	0	0	0	0	0	0	0	1	0	0	1	0	0	0	0	0	1	0	0	1	2	0	0	0	0	0	0	0	0	2	0	0	1	0	0	0	0	0	0
25	58	0	0	0	0	0	0	0	0	0	0	0	0	0	0	0	0	0	0	0	0	0	0	0	1	0	0	1	0	0	0	0	0	1	0	0	1	1	0	0	0	0	0	0	0	0	2	0	0	0	0	0	0	0	0	0
26	2	0	3	0	0	0	0	0	0	0	0	0	0	0	0	0	0	0	0	0	0	0	0	0	3	0	0	3	0	0	0	0	0	1	0	0	3	3	0	0	1	0	0	0	0	0	1	0	0	0	0	0	0	1	0	0
27	12	1	2	0	0	0	0	0	1	0	0	0	0	0	0	0	0	0	0	0	0	0	0	0	1	0	0	1	1	0	0	0	0	1	0	0	1	2	0	0	0	0	0	0	0	0	1	0	0	1	0	0	0	2	0	0
28	50	1	1	0	0	0	0	0	1	0	0	0	0	0	0	0	0	0	0	0	0	0	0	0	0	0	0	0	0	0	0	0	1	1	0	0	0	1	0	0	0	0	0	0	0	0	1	0	0	1	0	0	0	2	0	0
29	55	1	2	0	0	0	0	0	1	0	0	0	0	0	0	0	0	0	0	0	0	0	0	0	1	0	0	1	1	0	0	0	1	1	0	0	1	2	0	0	0	0	0	0	0	0	1	0	0	1	0	0	0	1	0	0
30	3	0	1	0	0	0	0	0	0	0	0	0	0	0	0	0	0	0	0	0	0	0	0	0	0	0	0	0	0	0	0	0	0	1	0	0	0	2	0	0	0	0	0	0	0	0	1	0	0	1	0	0	0	2	0	1
31	25	0	0	1	0	0	0	0	1	0	0	0	0	0	0	0	0	0	0	0	0	0	0	0	0	0	0	0	0	0	0	0	1	1	0	0	0	1	0	0	0	0	0	0	0	0	1	0	0	1	0	0	0	1	0	0
32	21	0	0	1	0	0	0	0	1	0	0	0	0	0	0	0	0	0	0	0	0	0	0	0	0	0	0	0	0	0	0	0	1	1	0	1	0	1	0	0	0	0	0	0	0	0	1	0	0	1	0	0	0	1	0	0
32	22	1	1	0	0	0	0	0	1	0	0	0	0	0	0	0	0	0	0	0	0	0	0	0	1	0	0	1	1	0	0	0	1	1	0	0	1	1	0	0	0	0	0	0	0	0	1	0	0	1	0	0	0	1	0	0
33	7	2	2	0	0	0	0	0	2	0	0	0	0	0	0	0	0	0	0	0	0	0	0	0	0	0	0	0	0	0	0	0	1	1	1	0	0	2	0	0	0	0	0	0	0	0	1	0	0	1	0	0	0	1	0	0
34	53	1	1	0	0	0	0	0	1	0	0	0	0	0	0	0	0	0	0	0	0	0	0	0	0	0	0	0	0	0	0	0	1	1	0	0	0	2	0	0	0	0	0	0	0	0	1	0	0	1	0	0	0	2	0	0
36	23	1	1	0	0	0	0	0	1	0	0	0	0	0	0	0	0	0	0	0	0	0	0	0	0	0	0	0	0	0	0	0	1	1	0	0	0	1	0	0	0	0	0	0	0	0	1	0	0	1	0	0	0	1	0	0
36	50	1	1	0	0	0	0	0	1	0	0	0	0	0	0	0	0	0	0	0	0	0	0	0	0	0	0	0	0	0	0	0	1	1	0	0	0	1	0	0	0	0	0	0	0	0	1	0	0	1	0	0	0	2	0	0
36	6	0	0	0	1	1	0	0	0	1	0	0	0	0	0	0	0	0	0	0	0	0	0	0	0	0	0	0	0	0	0	0	0	1	0	0	0	1	0	0	0	0	0	0	0	0	1	0	0	1	0	0	0	2	1	0
37	123	1	2	0	0	0	0	0	1	0	0	0	0	0	0	0	0	0	0	0	0	0	0	0	1	0	0	1	1	0	0	0	1	1	0	0	1	1	0	0	0	0	0	0	0	0	1	0	0	1	0	0	0	1	0	0
38	7	1	2	0	0	0	0	0	1	0	0	0	0	0	0	0	0	0	0	0	0	0	0	0	1	0	0	1	1	0	0	0	1	1	0	0	1	4	0	0	0	0	0	0	0	0	1	0	0	1	0	0	0	1	1	0
39	1	1	2	0	0	0	0	0	1	0	0	0	0	0	0	0	0	0	0	0	0	0	0	1	2	0	1	2	2	0	0	0	1	1	0	0	2	4	0	0	0	0	0	0	0	0	1	0	0	1	0	0	0	2	0	0
40	2	1	2	0	0	0	0	0	1	0	0	0	0	0	0	0	1	0	0	0	0	0	0	2	2	0	0	3	3	0	0	0	1	1	0	0	3	3	0	0	0	0	0	0	0	0	1	0	0	1	0	0	0	2	0	0
41	55	1	2	0	0	0	0	0	1	0	0	0	0	0	0	0	0	0	0	0	0	0	0	0	1	0	0	1	1	0	0	0	1	1	0	0	1	2	0	0	0	0	0	0	0	0	1	0	0	1	0	0	0	1	0	0
42	88	1	1	0	0	0	0	0	1	0	0	0	0	0	0	0	0	0	0	0	0	0	0	0	1	0	0	1	1	0	0	0	0	1	0	0	1	1	0	0	0	0	0	0	0	0	1	0	0	1	0	0	0	1	0	0
43	10	1	1	0	0	0	0	0	1	0	0	0	0	0	0	0	0	0	0	0	0	0	0	0	0	0	0	0	0	0	0	0	0	1	0	0	0	1	0	0	0	0	0	0	0	0	1	0	0	1	0	0	0	1	0	0
44	15	1	1	0	0	0	0	0	1	0	0	0	0	0	0	0	0	0	0	0	0	0	0	0	0	0	0	0	0	0	0	0	0	1	0	0	0	1	0	0	0	0	0	0	0	0	1	0	0	0	0	0	0	1	0	0
46	88	1	1	0	0	0	0	0	1	0	0	0	0	0	0	0	0	0	0	0	0	0	0	0	1	0	0	1	1	0	0	0	0	1	0	0	1	1	0	0	0	0	0	0	0	0	1	0	0	1	0	0	0	1	0	0
48	66	1	2	0	0	0	0	0	1	0	0	0	0	0	0	0	0	0	0	0	0	0	0	0	1	0	0	1	1	0	0	0	0	1	0	0	1	2	0	0	0	0	0	0	0	0	1	0	0	1	0	0	0	1	0	0
49	11	1	1	0	0	0	0	0	1	0	0	0	0	0	0	0	0	0	0	0	0	0	0	0	1	0	0	1	1	0	0	0	0	1	0	0	1	2	0	0	0	0	0	0	0	0	2	1	1	0	0	0	0	0	0	0
50	12	1	1	0	0	0	0	0	1	0	0	0	0	0	0	0	0	0	0	0	0	0	0	0	1	0	0	1	1	0	0	0	0	1	0	0	1	2	0	0	0	0	1	0	0	0	2	1	0	0	0	0	0	0	0	0
51	7	1	1	0	0	0	0	0	1	0	0	0	0	0	0	0	0	0	0	0	0	0	0	0	1	0	0	1	1	1	0	0	0	1	0	0	1	3	0	0	0	0	0	0	0	0	2	1	1	0	0	0	0	0	0	0
52	4	1	1	0	0	0	0	0	1	0	0	0	0	0	0	0	0	0	0	0	0	0	0	0	1	0	0	1	1	1	0	0	0	1	0	0	1	3	0	0	0	0	1	0	0	0	2	1	0	0	0	0	0	0	0	0
54	21	0	0	0	0	0	0	0	0	0	0	0	0	0	0	0	0	0	0	0	0	0	0	0	2	0	0	2	0	0	0	0	0	1	0	0	2	3	0	0	0	0	0	0	0	0	3	0	0	3	0	0	0	0	0	0
55	17	1	1	0	0	0	0	0	1	0	0	0	0	0	0	0	0	0	0	0	0	0	0	0	1	0	0	1	1	0	0	0	0	1	0	0	1	2	0	0	0	0	0	0	0	0	1	0	0	1	0	0	0	1	0	0
56	24	1	2	0	0	0	0	0	1	0	0	0	0	0	0	0	0	0	0	0	0	0	0	0	1	0	0	1	1	1	0	0	0	1	0	0	1	2	0	0	0	0	0	0	0	0	1	0	0	1	0	0	0	1	0	0
2	27	0	0	0	0	0	0	0	0	0	0	0	0	0	0	0	0	0	0	0	0	0	0	0	0	0	0	0	0	0	0	0	0	1	0	0	0	1	0	0	0	0	0	0	0	0	1	0	0	0	0	0	0	0	0	0
3	12	0	0	0	0	0	0	0	0	0	0	0	0	0	0	1	0	0	0	0	0	0	0	0	1	0	0	1	0	0	0	0	0	1	0	0	1	1	0	0	0	0	0	0	0	0	2	0	0	0	0	0	0	0	0	0
7	14	0	0	0	0	0	0	0	0	0	0	0	0	0	0	0	0	0	0	0	0	0	0	0	1	1	0	1	0	0	0	0	0	1	0	0	1	2	0	1	0	0	0	0	1	0	2	0	0	0	0	0	0	0	0	0
8	27	0	0	0	0	0	0	0	0	0	0	0	0	0	0	0	0	0	0	0	0	0	0	0	0	0	0	0	0	0	0	0	0	1	0	0	0	1	0	0	0	0	0	0	0	0	1	0	0	0	0	0	0	0	0	0
25	2	0	0	0	0	0	0	0	0	0	0	0	0	0	0	0	1	0	0	0	0	0	0	0	1	0	0	2	0	0	0	0	0	1	0	0	2	1	0	0	0	0	0	0	0	0	3	0	0	0	0	0	0	1	0	0
2	58	0	0	0	0	0	0	0	0	0	0	0	0	0	0	0	0	0	0	0	0	0	0	0	1	0	0	1	0	0	0	0	0	1	0	0	1	1	0	0	0	0	0	0	0	0	2	0	0	0	0	0	0	0	0	0
3	8	0	0	0	0	0	0	0	0	0	0	0	0	0	1	0	0	0	0	0	0	0	0	0	1	0	0	1	0	0	0	0	0	1	0	0	1	1	0	0	0	0	0	0	0	0	2	0	0	0	0	0	0	0	0	0
4	59	0	0	0	0	0	0	0	0	0	0	0	0	0	0	0	0	0	0	0	0	0	0	0	1	0	0	1	0	0	0	0	0	1	0	0	1	3	0	0	0	0	0	0	0	0	2	0	0	0	0	0	0	0	0	0
5	59	0	0	0	0	0	0	0	0	0	0	0	0	0	0	0	0	0	0	0	0	0	0	0	1	0	0	1	0	0	0	0	0	1	0	0	1	3	0	0	0	0	0	0	0	0	2	0	0	0	0	0	0	0	0	0
7	2	0	0	0	0	0	0	0	0	0	0	0	0	0	0	0	1	0	0	0	0	0	0	0	0	0	0	1	0	0	0	0	0	1	0	0	1	2	0	0	0	0	0	0	1	0	2	0	0	1	0	0	0	1	0	0
3	2	0	0	0	0	0	0	0	0	0	0	0	0	0	0	0	0	0	0	0	0	0	0	1	2	0	0	2	0	0	0	0	0	1	0	0	2	1	0	0	0	0	0	0	0	0	2	0	0	0	0	0	0	0	0	0
4	3	0	0	0	0	0	0	0	0	0	0	0	0	0	0	0	0	0	0	0	0	0	0	2	4	0	0	4	0	0	0	0	0	1	0	0	4	3	0	0	0	0	0	0	0	0	3	0	0	0	0	0	0	0	0	0
5	14	0	0	0	0	0	0	0	0	0	0	0	0	0	0	0	0	0	0	0	0	0	0	0	3	0	0	3	0	0	0	0	0	1	0	0	3	3	0	0	0	0	0	0	0	0	4	0	0	0	0	0	0	0	0	0
7	1	0	0	0	0	0	0	0	0	0	0	0	0	0	0	0	0	0	0	0	0	0	0	2	4	0	0	4	0	0	0	0	0	1	0	0	4	2	0	1	0	0	0	0	2	0	3	0	0	0	0	0	0	0	0	0
6	1	0	0	0	0	0	0	0	0	0	0	0	0	0	0	2	0	0	0	0	0	0	0	2	4	0	0	4	0	0	0	0	0	1	0	0	4	2	0	0	0	0	0	0	0	0	3	0	0	0	0	0	0	0	0	0
7	6	0	0	0	0	0	0	0	0	0	0	0	0	0	0	0	1	0	0	0	0	0	0	0	0	1	0	1	0	0	0	0	0	1	0	0	1	2	0	1	0	0	0	0	1	0	2	0	0	0	0	0	0	0	0	0
8	31	0	0	0	0	0	0	0	0	0	0	0	0	0	0	0	0	0	0	0	0	0	0	0	0	0	0	0	0	0	0	0	0	1	0	0	0	1	0	0	0	0	0	0	0	0	1	0	0	1	0	0	0	1	0	0
9	5	0	0	0	0	0	0	0	0	0	0	0	0	0	0	0	0	0	0	0	0	0	0	0	2	0	0	2	0	0	0	0	0	1	0	0	2	1	0	0	0	0	0	0	0	0	3	0	0	1	0	0	0	4	0	0
2	23	0	0	0	0	0	0	0	0	0	0	0	0	0	0	0	1	0	0	0	0	0	0	0	0	0	0	1	0	0	0	0	0	1	0	0	1	1	0	0	0	0	0	0	0	0	2	0	0	0	0	0	0	0	0	0
3	7	0	0	0	0	0	0	0	0	0	0	0	0	0	0	1	1	0	0	0	0	0	0	0	0	0	0	1	0	0	0	0	0	1	0	0	1	1	0	0	0	0	0	0	0	0	2	0	0	0	0	0	0	0	0	0
4	44	0	0	0	0	0	0	0	0	0	0	0	0	0	0	0	1	0	0	0	0	0	0	0	0	0	0	1	0	0	0	0	0	1	0	0	1	3	0	0	0	0	0	0	0	0	2	0	0	0	0	0	0	0	0	0
5	44	0	0	0	0	0	0	0	0	0	0	0	0	0	0	0	1	0	0	0	0	0	0	0	0	0	0	1	0	0	0	0	0	1	0	0	1	3	0	0	0	0	0	0	0	0	2	0	0	0	0	0	0	0	0	0
6	20	0	0	0	0	0	0	0	0	0	0	0	0	0	0	0	1	0	0	0	0	0	0	0	0	0	0	1	0	0	0	0	0	1	0	0	1	2	0	0	0	0	0	0	0	0	2	0	0	0	0	0	0	0	0	0
8	1	1	1	0	0	0	0	0	1	0	0	0	0	0	0	0	0	0	0	0	0	0	0	0	2	0	0	2	2	1	0	0	0	1	0	0	2	1	0	2	0	0	0	0	2	0	3	2	0	1	0	0	0	0	0	0
9	14	0	0	0	0	0	0	0	0	0	0	0	0	0	0	0	0	0	0	0	0	0	0	0	1	1	0	1	0	0	0	0	0	1	0	0	1	1	0	0	0	0	0	0	0	0	2	0	0	1	0	0	0	6	0	0
4	7	0	0	0	0	0	0	0	0	0	0	0	0	0	0	0	0	0	0	0	0	0	0	0	1	1	0	1	0	0	0	0	0	1	0	0	1	3	0	0	0	0	0	0	0	0	2	0	0	0	0	0	0	0	0	0
9	58	0	0	0	0	0	0	0	0	0	0	0	0	0	0	0	0	0	0	0	0	0	0	0	1	0	0	1	0	0	0	0	0	1	0	0	1	1	0	0	0	0	0	0	0	0	2	0	0	0	0	0	0	0	0	0
4	6	0	0	0	0	0	0	0	0	0	0	0	0	0	0	2	0	0	0	0	0	0	0	0	2	0	0	2	0	0	0	0	0	1	0	0	2	3	0	0	0	0	0	0	0	0	3	0	0	0	0	0	0	0	0	0
6	15	0	0	0	0	0	0	0	0	0	0	0	0	0	0	0	0	0	0	0	0	0	0	0	2	0	0	2	0	0	0	0	0	1	0	0	2	2	0	0	0	0	0	0	0	0	3	0	0	0	0	0	0	0	0	0
8	10	0	0	0	0	0	0	0	0	0	0	0	0	0	0	0	0	0	0	0	0	0	0	0	2	0	0	2	0	0	0	0	0	1	0	0	2	1	0	1	0	0	0	0	3	0	3	0	0	0	0	0	0	1	0	0
6	1	0	0	0	0	0	0	0	0	0	0	0	0	0	0	0	1	0	0	0	0	0	0	0	0	0	0	1	0	0	0	0	0	1	0	0	1	2	1	0	0	0	0	0	0	0	1	0	0	0	0	0	0	2	0	0
7	1	0	0	0	0	0	0	0	0	0	0	0	0	0	2	0	0	0	0	0	0	0	0	0	2	0	0	2	0	0	0	0	0	1	0	0	2	2	0	1	0	0	0	0	2	0	3	0	0	0	0	0	0	0	0	0
8	1	0	0	0	0	0	0	0	0	0	0	0	0	0	0	0	0	0	0	0	0	0	0	0	2	0	0	2	0	0	0	0	0	1	0	0	2	1	0	0	0	0	0	0	0	0	3	0	0	2	0	0	0	2	0	0
9	4	0	0	0	0	0	0	0	0	0	0	0	0	3	0	0	0	0	0	0	0	0	0	0	2	0	0	2	0	0	0	0	0	1	0	0	2	4	0	0	0	0	0	0	0	0	6	0	0	0	0	0	3	6	0	0
4	1	0	0	0	0	0	0	0	0	0	0	0	0	0	0	0	0	0	0	0	0	0	0	0	2	0	0	2	0	0	0	0	0	1	0	0	2	3	0	0	0	0	0	0	0	0	3	0	0	0	0	0	0	0	0	0
8	3	0	0	1	0	0	0	0	1	0	0	0	0	0	0	0	0	0	0	0	0	0	0	0	1	0	0	1	1	0	1	0	0	1	0	0	1	1	0	1	0	0	0	0	1	0	2	1	0	1	0	0	0	1	0	0
9	1	0	0	0	0	0	0	0	0	0	0	0	0	0	0	0	0	0	0	0	0	0	0	0	1	0	0	1	0	0	0	0	0	1	0	0	1	1	0	0	0	0	0	0	0	0	2	0	0	0	0	0	0	6	0	0
4	6	0	0	0	0	0	0	0	0	0	0	0	0	0	0	0	1	0	0	0	0	0	0	0	0	1	0	1	0	0	0	0	0	1	0	0	1	3	0	0	0	0	0	0	0	0	2	0	0	0	0	0	0	0	0	0
6	16	0	0	0	0	0	0	0	0	0	0	0	0	0	0	0	1	0	0	0	0	0	0	0	1	0	0	2	0	0	0	0	0	1	0	0	2	2	0	0	0	0	0	0	0	0	3	0	0	0	0	0	0	0	0	0
9	4	0	0	0	0	0	0	0	0	0	0	0	0	0	0	0	1	0	0	0	0	0	0	0	0	0	1	1	0	0	0	0	0	1	0	0	1	1	0	0	0	0	0	0	0	0	2	0	0	0	0	0	0	5	0	0
6	1	0	0	0	0	0	0	0	0	0	0	0	0	0	0	0	0	1	0	0	0	0	0	1	0	0	0	2	0	0	0	0	0	1	0	0	2	2	0	0	0	0	0	0	0	0	3	0	0	0	0	0	0	0	0	0
7	7	0	0	0	0	0	0	0	0	0	0	0	0	0	0	0	1	0	0	0	0	0	0	0	0	0	0	1	0	0	0	0	0	1	0	0	1	2	0	1	0	0	0	0	1	0	2	0	0	0	0	0	0	0	0	0
6	13	0	0	0	0	0	0	0	0	0	0	0	0	0	0	2	3	0	0	0	0	0	0	2	0	0	0	3	0	0	0	0	0	1	0	0	3	2	0	0	0	0	0	0	0	0	4	0	0	0	0	0	0	0	0	0
8	1	1	1	0	0	0	0	0	1	0	0	0	1	0	0	0	0	0	0	0	0	0	0	0	1	0	0	1	1	0	1	0	0	1	0	0	1	1	0	0	0	0	0	0	0	0	1	0	0	1	0	0	0	2	0	0
9	1	0	0	0	0	0	0	0	0	0	0	0	0	0	0	0	2	0	0	0	0	0	0	1	0	0	0	2	0	0	0	0	0	1	0	0	2	1	0	0	0	0	0	0	0	0	3	0	0	0	0	0	0	4	0	0
4	1	0	0	0	0	0	0	0	0	0	0	0	0	0	0	1	0	0	0	0	0	0	0	0	2	1	0	2	0	0	0	0	0	1	0	0	2	3	0	0	0	0	0	0	0	0	3	0	0	0	0	0	0	0	0	0
6	1	0	0	0	0	0	0	0	0	0	0	0	0	0	0	2	1	0	0	0	0	0	0	1	2	0	0	3	0	0	0	0	0	1	0	0	3	2	0	0	0	0	0	0	0	0	4	0	0	0	0	0	0	0	0	0
7	2	0	0	0	0	0	0	0	0	0	0	0	0	0	0	0	0	0	0	0	0	0	0	0	1	1	0	1	0	0	0	0	0	1	0	0	1	2	0	0	0	0	0	0	1	0	2	0	0	1	0	0	0	1	0	0
8	2	1	1	0	0	0	0	0	1	0	0	0	0	0	0	0	0	0	0	0	0	0	0	0	2	0	0	2	1	0	1	0	0	1	0	0	2	1	0	1	0	0	0	0	2	0	3	1	0	1	0	0	0	1	0	0
9	2	0	0	0	0	0	0	0	0	0	0	0	0	0	0	0	0	0	0	0	0	0	0	0	1	0	0	1	0	0	0	0	0	1	0	0	1	1	0	0	0	0	0	0	0	0	2	0	0	1	0	0	0	7	0	0
8	2	0	0	0	0	0	0	0	0	0	0	0	0	0	0	0	0	0	0	0	0	0	0	0	1	0	0	1	0	0	0	0	0	1	0	0	1	1	0	1	0	0	0	0	1	0	2	0	0	0	0	0	0	0	0	0
9	2	0	0	0	0	0	0	0	0	0	0	0	0	0	0	0	0	0	0	0	0	0	0	0	1	0	0	1	0	0	0	0	0	1	0	0	1	1	0	0	0	0	0	0	0	0	2	0	0	0	0	0	0	5	0	0
3	4	0	0	0	0	0	0	0	0	0	0	0	0	0	1	0	1	0	0	0	0	0	0	0	0	0	0	1	0	0	0	0	0	1	0	0	1	1	0	0	0	0	0	0	0	0	2	0	0	0	0	0	0	0	0	0
7	2	0	0	0	0	0	0	0	0	0	0	0	0	0	0	2	0	0	0	0	0	0	0	0	2	0	0	2	0	0	0	0	0	1	0	0	2	2	0	1	0	0	0	0	2	0	3	0	0	0	0	0	0	0	0	0
7	2	0	0	0	0	0	0	0	0	0	0	0	0	0	0	2	1	0	0	0	0	0	0	0	1	0	0	2	0	0	0	0	0	1	0	0	2	2	0	1	0	0	0	0	2	0	3	0	0	0	0	0	0	0	0	0
6	3	0	0	0	0	0	0	0	0	0	0	0	0	0	0	0	1	0	0	0	0	0	0	0	0	0	0	1	0	0	0	0	0	1	0	0	1	2	2	0	0	0	0	0	0	0	2	0	0	0	0	0	0	0	0	0
4	8	0	0	0	0	0	0	0	0	0	0	0	0	0	0	2	1	0	1	0	0	0	0	1	0	0	0	2	0	0	0	0	0	1	0	0	2	3	0	0	0	0	0	0	0	0	3	0	0	0	0	0	0	0	0	0
6	4	0	0	0	0	0	0	0	0	0	0	0	0	0	0	0	1	0	1	0	0	0	0	1	0	0	0	2	0	0	0	0	0	1	0	0	2	2	0	0	0	0	0	0	0	0	3	0	0	0	0	0	0	0	0	0
7	1	0	0	0	0	0	0	0	0	0	0	0	0	0	0	0	1	0	0	0	0	0	0	0	0	1	0	1	0	0	0	0	0	1	0	0	1	2	0	1	0	0	0	0	1	0	2	0	0	0	0	0	0	1	0	0
8	2	0	0	0	0	0	0	0	0	0	0	0	0	0	0	0	1	0	0	0	0	0	0	0	0	0	0	1	0	0	0	0	0	1	0	0	1	1	0	0	0	0	0	0	1	0	2	0	0	0	0	0	0	0	0	0
6	11	0	0	0	0	0	0	0	0	0	0	0	0	0	0	0	0	0	0	0	0	0	0	0	1	0	0	1	0	0	0	0	0	1	0	0	1	2	0	0	0	0	0	0	0	0	2	0	0	0	0	0	0	0	0	0
8	3	0	0	0	0	0	0	0	0	0	0	0	0	0	0	0	0	0	0	0	0	0	0	0	4	0	0	4	0	0	0	0	0	1	0	0	4	1	0	2	0	0	0	0	3	0	5	0	0	0	0	0	0	0	0	0
8	4	1	1	0	0	0	0	0	1	0	0	0	1	0	0	0	1	0	0	0	0	0	0	0	1	0	0	2	1	0	1	0	0	1	0	0	2	1	0	1	0	0	0	0	1	0	2	0	0	1	0	0	0	3	0	0
14	2	0	0	0	0	0	0	0	0	0	0	0	0	0	0	1	2	0	0	0	0	0	0	2	1	0	0	3	0	0	0	0	0	1	0	0	3	2	0	0	0	0	0	0	0	0	4	0	0	0	0	0	0	0	0	0
15	59	0	0	0	0	0	0	0	0	0	0	0	0	0	0	0	0	0	0	0	0	0	0	0	1	0	0	1	0	0	0	0	0	1	0	0	1	3	0	0	0	0	0	0	0	0	2	0	0	0	0	0	0	0	0	0
16	5	1	2	0	0	0	0	0	1	0	0	0	0	0	0	0	0	0	0	0	0	0	0	1	2	0	0	2	2	1	0	0	0	1	0	0	2	1	0	0	0	0	0	0	0	0	1	0	0	1	0	0	0	1	0	0
17	8	1	2	0	0	0	0	0	1	0	0	0	0	0	0	0	0	0	0	0	0	0	0	1	2	0	0	2	2	1	0	0	0	1	0	0	2	3	0	0	0	0	0	0	0	0	1	0	0	1	0	0	0	1	0	0
18	59	0	0	0	0	0	0	0	0	0	0	0	0	0	0	0	0	0	0	0	0	0	0	0	1	0	0	1	0	0	0	0	0	1	0	0	1	3	0	0	0	0	0	0	0	0	2	0	0	0	0	0	0	0	0	0
19	1	1	3	0	0	0	0	0	1	0	0	0	0	0	0	0	1	0	0	0	0	0	0	3	3	0	0	4	4	1	0	0	0	1	0	0	4	3	0	0	0	0	0	0	0	0	1	0	0	1	0	0	0	1	0	0
22	59	0	0	0	0	0	0	0	0	0	0	0	0	0	0	0	0	0	0	0	0	0	0	0	1	0	0	1	0	0	0	0	0	1	0	0	1	3	0	0	0	0	0	0	0	0	2	0	0	0	0	0	0	0	0	0
23	1	0	0	0	0	0	0	0	0	0	0	0	0	0	0	0	1	0	0	0	0	0	0	0	0	0	0	1	0	0	0	0	0	1	0	0	1	1	0	0	0	0	0	0	0	0	2	0	0	2	0	0	0	3	0	0
26	59	0	0	0	0	0	0	0	0	0	0	0	0	0	0	0	0	0	0	0	0	0	0	0	1	0	0	1	0	0	0	0	0	1	0	0	1	3	0	0	0	0	0	0	0	0	2	0	0	0	0	0	0	0	0	0
38	1	1	3	0	0	0	0	0	1	0	0	0	0	0	0	0	1	0	0	0	0	0	0	2	3	0	0	4	1	0	0	0	0	1	0	0	4	4	0	0	0	0	0	0	0	0	1	0	0	1	0	0	0	2	1	0
39	15	2	4	0	0	0	0	0	2	0	0	0	0	0	0	0	0	0	0	0	0	0	0	0	2	0	0	2	2	0	0	0	1	1	0	0	2	4	0	0	0	0	0	0	0	0	1	0	0	1	0	0	0	1	1	0
43	136	0	0	0	0	0	0	0	0	0	0	0	0	0	0	0	0	0	0	0	0	0	0	0	0	0	0	0	0	0	0	0	0	0	0	0	0	0	0	0	0	0	0	0	0	0	0	0	0	0	0	0	0	0	0	0
45	88	1	1	0	0	0	0	0	1	0	0	0	0	0	0	0	0	0	0	0	0	0	0	0	1	0	0	1	1	0	0	0	0	1	0	0	1	1	0	0	0	0	0	0	0	0	1	0	0	1	0	0	0	1	0	0
51	1	1	1	0	0	0	0	0	1	0	0	0	0	0	0	0	1	0	0	0	0	0	0	3	3	0	0	4	4	1	0	0	0	1	0	0	4	3	0	0	0	0	0	0	0	0	3	2	2	0	0	0	0	0	0	0
52	1	1	1	0	0	0	0	0	1	0	0	0	0	0	0	0	1	0	0	0	0	0	0	3	3	0	0	4	4	1	0	0	0	1	0	0	4	3	0	0	0	0	2	0	0	0	3	2	0	0	0	0	0	0	0	0
54	2	0	0	0	0	0	0	0	0	0	0	1	0	0	0	0	3	0	2	0	0	0	0	4	0	0	0	5	0	0	0	0	0	1	0	0	5	3	0	0	0	0	0	0	0	0	6	0	0	6	0	0	0	1	0	0
14	29	0	0	0	0	0	0	0	0	0	0	0	0	0	0	1	3	0	0	0	0	0	0	2	0	0	1	3	0	0	0	0	0	1	0	0	3	2	0	0	0	0	0	0	0	0	4	0	0	0	0	0	0	0	0	0
15	8	0	0	0	0	0	0	0	0	0	0	0	0	0	0	0	1	0	0	0	0	0	4	6	0	0	0	7	0	0	0	0	0	1	0	0	7	3	0	0	0	0	0	0	0	0	8	0	0	0	0	0	0	0	0	0
18	29	0	0	0	0	0	0	0	0	0	0	0	0	0	0	0	1	0	0	0	1	0	0	2	0	0	0	3	0	0	0	0	0	1	0	0	3	3	0	0	0	0	0	0	0	0	4	0	0	0	0	0	0	0	0	0
22	8	0	0	0	0	0	0	0	0	0	0	0	0	0	0	2	1	0	1	0	0	0	0	1	0	0	0	2	0	0	0	0	0	1	0	0	2	3	0	0	0	0	0	0	0	0	3	0	0	0	0	0	0	0	0	0
26	29	0	0	0	0	0	0	0	0	0	0	0	0	0	0	0	1	0	0	0	1	0	0	2	0	0	0	3	0	0	0	0	0	1	0	0	3	3	0	0	0	0	0	0	0	0	4	0	0	0	0	0	0	0	0	0
38	4	2	4	0	0	0	0	0	2	0	0	0	0	0	0	0	1	0	0	0	0	0	0	0	2	0	0	3	2	0	0	0	1	1	0	0	3	4	0	0	0	0	0	0	0	0	1	0	0	1	0	0	0	1	2	0
46	13	1	1	0	0	0	0	0	1	0	0	0	0	0	0	0	0	0	0	0	0	0	0	0	1	0	0	1	1	0	0	0	0	1	0	0	1	1	0	0	0	0	0	0	0	0	1	0	0	1	0	0	0	2	0	0
48	2	1	2	0	0	0	0	0	1	0	0	0	0	0	0	0	1	0	0	0	0	0	0	0	0	0	0	1	1	0	0	0	0	1	0	0	1	2	0	0	0	0	0	0	0	0	1	0	0	1	0	0	0	1	0	0
49	7	1	1	0	0	0	0	0	1	0	0	0	0	0	0	0	0	0	0	0	0	0	0	0	1	0	0	1	1	1	0	0	0	1	0	0	1	2	0	0	0	0	0	0	0	0	1	0	0	1	0	0	0	1	0	0
50	7	1	1	0	0	0	0	0	1	0	0	0	0	0	0	0	0	0	0	0	0	0	0	0	1	0	0	1	1	1	0	0	0	1	0	0	1	2	0	0	0	0	0	0	0	0	1	0	0	1	0	0	0	1	0	0
51	11	1	1	0	0	0	0	0	1	0	0	0	0	0	0	0	0	0	0	0	0	0	0	0	1	0	0	1	1	1	0	0	0	1	0	0	1	3	0	0	0	0	0	0	0	0	1	0	0	1	0	0	0	1	0	0
52	11	1	1	0	0	0	0	0	1	0	0	0	0	0	0	0	0	0	0	0	0	0	0	0	1	0	0	1	1	1	0	0	0	1	0	0	1	3	0	0	0	0	0	0	0	0	1	0	0	1	0	0	0	1	0	0
15	2	0	0	0	0	0	0	0	0	0	0	0	0	0	0	0	1	0	0	0	0	0	0	0	1	0	0	2	0	0	0	0	0	1	0	0	2	3	0	0	0	0	0	0	0	0	3	0	0	0	0	0	0	3	0	0
16	123	1	2	0	0	0	0	0	1	0	0	0	0	0	0	0	0	0	0	0	0	0	0	0	1	0	0	1	1	0	0	0	1	1	0	0	1	1	0	0	0	0	0	0	0	0	1	0	0	1	0	0	0	1	0	0
17	50	1	2	0	0	0	0	0	1	0	0	0	0	0	0	0	0	0	0	0	0	0	0	0	1	0	0	1	1	0	0	0	1	1	0	0	1	3	0	0	0	0	0	0	0	0	1	0	0	1	0	0	0	1	0	0
18	2	0	0	0	0	0	0	0	0	0	0	0	0	0	0	0	1	0	0	0	0	0	0	0	1	0	0	2	0	0	0	0	0	1	0	0	2	3	0	0	0	0	0	0	0	0	3	0	0	0	0	0	0	3	0	0
23	1	0	0	0	0	0	0	0	0	0	0	0	0	0	0	0	1	0	0	0	0	0	0	0	0	0	0	1	0	0	0	0	0	1	0	0	1	1	0	0	0	0	0	0	0	0	2	0	0	1	0	0	0	1	0	0
24	4	0	0	0	0	0	0	0	0	0	0	0	0	0	0	0	1	0	0	0	0	0	0	0	0	0	0	1	0	0	0	0	0	1	0	0	1	2	0	0	0	0	0	0	0	0	2	0	0	1	0	0	0	1	0	0
26	1	0	0	0	0	0	0	0	0	0	0	0	0	0	0	0	1	0	0	0	0	0	0	0	2	0	0	3	0	0	0	0	0	1	0	0	3	3	0	0	0	0	0	0	0	0	4	0	0	0	0	0	0	3	0	0
38	5	1	2	0	0	0	0	0	1	0	0	0	1	0	0	0	0	0	0	0	0	0	0	0	2	0	0	2	2	0	0	0	0	1	0	0	2	4	0	0	0	0	0	0	0	0	1	0	0	1	0	0	0	1	1	0
15	44	0	0	0	0	0	0	0	0	0	0	0	0	0	0	0	1	0	0	0	0	0	0	0	0	0	0	1	0	0	0	0	0	1	0	0	1	3	0	0	0	0	0	0	0	0	2	0	0	0	0	0	0	0	0	0
16	2	1	2	0	0	1	0	0	1	0	0	0	0	0	0	0	0	0	0	0	0	0	0	4	5	0	0	5	5	1	0	0	0	1	0	0	5	1	0	0	0	0	0	0	0	0	2	1	0	2	0	0	0	2	0	0
18	44	0	0	0	0	0	0	0	0	0	0	0	0	0	0	0	1	0	0	0	0	0	0	0	0	0	0	1	0	0	0	0	0	1	0	0	1	3	0	0	0	0	0	0	0	0	2	0	0	0	0	0	0	0	0	0
19	1	1	5	0	0	2	0	0	1	0	0	0	0	0	0	0	0	0	0	0	0	0	0	2	4	0	0	4	4	1	0	0	0	1	0	0	4	3	0	0	0	0	0	0	0	0	1	0	0	1	0	0	0	2	0	0
23	2	2	2	0	0	0	0	0	2	0	0	0	0	0	0	0	1	0	0	0	0	0	0	0	0	0	0	1	0	0	0	0	1	1	0	1	1	1	0	0	0	0	0	0	0	0	2	0	0	2	0	0	0	4	0	0
26	44	0	0	0	0	0	0	0	0	0	0	0	0	0	0	0	1	0	0	0	0	0	0	0	0	0	0	1	0	0	0	0	0	1	0	0	1	3	0	0	0	0	0	0	0	0	2	0	0	0	0	0	0	0	0	0
31	1	0	0	1	0	0	0	0	1	0	0	0	0	0	0	0	0	0	0	0	0	0	0	0	1	0	0	1	1	0	0	0	1	1	0	0	1	1	0	0	0	0	0	0	0	0	1	0	0	1	0	0	0	2	0	0
32	2	0	0	1	0	0	0	0	1	0	0	0	0	0	0	0	0	0	0	0	0	0	0	0	1	0	0	1	1	0	0	0	1	1	0	1	1	1	0	0	0	0	0	0	0	0	1	0	0	1	0	0	0	2	0	0
33	11	2	2	0	0	0	0	0	2	0	0	0	0	0	0	0	0	0	0	0	0	0	0	0	0	0	0	0	0	0	0	0	1	1	1	0	0	2	0	0	0	0	0	0	0	0	1	0	0	1	0	0	0	2	0	0
38	1	1	2	0	0	0	0	0	1	0	0	0	0	0	0	0	0	0	0	0	0	0	0	1	2	0	0	2	2	0	0	0	0	1	0	0	2	4	0	0	0	0	0	0	0	0	1	0	0	1	0	0	0	2	1	0
39	1	1	3	0	1	1	0	0	1	1	0	0	0	0	0	0	0	0	0	0	0	0	0	0	4	0	0	4	2	0	0	0	1	1	0	0	4	4	0	0	0	0	0	0	0	0	1	0	0	1	0	0	0	1	2	0
40	1	2	4	0	0	0	0	0	2	0	0	0	0	0	0	0	0	0	0	0	0	0	0	0	2	0	0	2	2	0	0	0	2	1	1	0	2	3	0	0	0	0	0	0	0	0	1	0	0	1	0	0	0	1	1	0
44	56	1	1	0	0	0	0	0	1	0	0	0	0	0	0	0	0	0	0	0	0	0	0	0	0	0	0	0	0	0	0	0	0	1	0	0	0	1	0	0	0	0	0	0	0	0	1	0	0	1	0	0	0	2	0	0
51	1	1	1	0	0	0	0	0	1	0	0	0	0	0	0	0	0	0	0	0	0	0	0	2	4	0	0	4	4	1	0	0	0	1	0	0	4	3	0	0	0	0	0	0	0	0	3	2	2	0	0	0	0	0	0	0
52	1	1	1	0	0	0	0	0	1	0	0	0	0	0	0	0	0	0	0	0	0	0	0	2	4	0	0	4	4	1	0	0	0	1	0	0	4	3	0	0	0	0	2	0	0	0	3	2	0	0	0	0	0	0	0	0
54	5	0	0	0	0	0	0	0	0	0	0	0	0	0	0	0	0	0	0	0	0	0	0	0	3	0	0	3	0	0	0	0	0	1	0	0	3	3	0	0	0	0	0	0	0	0	4	0	0	4	0	0	0	0	0	0
19	6	1	3	0	0	0	0	0	1	0	0	0	0	0	0	0	0	0	0	0	0	0	0	0	2	0	0	2	2	1	0	0	0	1	0	0	2	3	0	0	0	0	0	0	0	0	1	0	0	1	0	0	0	1	0	0
22	2	0	0	0	0	0	0	0	0	0	0	0	0	0	0	4	1	0	0	0	0	0	1	3	0	0	0	4	0	0	0	0	0	1	0	0	4	3	0	0	0	0	0	0	0	0	5	0	0	0	0	0	0	0	0	0
23	2	2	2	0	0	0	0	0	2	0	0	0	0	0	0	0	0	0	0	0	0	0	0	0	1	0	0	1	0	0	0	0	1	1	0	1	1	1	0	1	0	0	0	0	0	0	2	0	0	1	0	0	0	4	0	0
26	9	0	0	0	0	0	0	0	0	0	0	0	0	0	0	0	1	0	0	0	0	0	3	5	0	0	0	6	0	0	0	0	0	1	0	0	6	3	0	0	0	0	0	0	0	0	7	0	0	0	0	0	0	0	0	0
29	30	1	2	0	0	0	0	0	1	0	0	0	0	0	0	0	0	0	0	0	0	0	0	0	1	0	0	1	1	0	0	0	1	1	0	0	1	2	0	0	0	0	0	0	0	0	1	0	0	1	0	0	0	2	0	0
37	3	1	2	0	0	0	0	0	1	0	0	0	0	0	0	0	0	0	0	0	0	0	0	0	1	0	0	1	1	0	0	0	1	1	0	0	1	1	0	0	0	0	0	0	0	0	1	0	0	0	0	0	0	1	0	0
38	8	1	2	0	0	0	0	0	1	0	0	0	0	0	0	0	0	0	0	0	0	0	0	0	2	0	0	2	1	0	0	0	0	1	0	0	2	4	0	0	0	0	0	0	0	0	1	0	0	1	0	0	0	1	1	0
49	8	1	2	0	0	0	0	0	1	0	0	0	0	0	0	0	0	0	0	0	0	0	0	0	2	0	0	2	2	0	0	0	0	1	0	0	2	2	0	0	0	0	0	0	0	0	2	1	1	0	0	0	0	1	0	0
50	6	1	2	0	0	0	0	0	1	0	0	0	0	0	0	0	0	0	0	0	0	0	0	0	2	0	0	2	2	0	0	0	0	1	0	0	2	2	0	0	0	0	1	0	0	0	2	1	0	0	0	0	0	1	0	0
51	4	1	3	0	0	0	0	0	1	0	0	0	0	0	0	0	0	0	0	0	0	0	0	0	3	0	0	3	3	1	0	0	0	1	0	0	3	3	0	0	0	0	0	0	0	0	2	1	1	0	0	0	0	1	0	0
52	6	1	3	0	0	0	0	0	1	0	0	0	0	0	0	0	0	0	0	0	0	0	0	0	3	0	0	3	3	1	0	0	0	1	0	0	3	3	0	0	0	0	1	0	0	0	2	1	0	0	0	0	0	1	0	0
55	6	2	3	0	0	0	0	0	2	0	0	0	0	0	0	0	0	0	0	0	0	0	0	0	2	0	0	2	2	0	0	0	0	2	0	0	2	4	0	0	0	0	0	0	0	0	2	0	0	2	0	0	0	2	0	0
15	15	0	0	0	0	0	0	0	0	0	0	0	0	0	0	0	0	0	0	0	0	1	0	3	0	0	0	4	0	0	0	0	0	1	0	0	4	3	0	0	0	0	0	0	0	0	5	0	0	0	0	0	0	0	0	0
16	1	0	0	0	0	0	0	0	0	0	0	0	0	0	0	0	1	0	0	0	0	0	0	0	4	0	0	5	0	0	0	0	0	1	0	0	5	1	0	0	0	0	0	0	6	0	6	0	0	0	0	0	0	0	0	0
18	33	0	0	0	0	0	0	0	0	0	0	0	0	0	0	0	0	0	0	1	0	0	0	2	0	0	0	3	0	0	0	0	0	1	0	0	3	3	0	0	0	0	0	0	0	0	4	0	0	0	0	0	0	0	0	0
22	7	0	0	0	0	0	0	0	0	0	0	0	0	0	0	3	0	0	0	1	0	0	0	2	0	0	0	3	0	0	0	0	0	1	0	0	3	3	0	0	0	0	0	0	0	0	4	0	0	0	0	0	0	0	0	0
26	5	0	0	0	0	0	0	0	0	0	0	0	0	0	0	0	0	0	0	0	0	4	0	6	0	0	0	7	0	0	0	0	0	1	0	0	7	3	0	0	0	0	0	0	0	0	8	0	0	0	0	0	0	0	0	0
31	4	0	0	1	0	0	0	0	1	0	0	0	0	0	0	0	0	0	0	0	0	0	0	0	0	0	0	0	0	0	0	0	1	1	0	0	0	1	0	0	0	0	0	0	0	0	1	0	0	1	0	0	0	2	0	0
32	1	0	0	1	0	0	0	0	1	0	0	0	0	0	0	0	0	0	0	0	0	0	0	0	0	0	0	0	0	0	0	0	1	1	0	1	0	1	0	0	0	0	0	0	0	0	1	0	0	1	0	0	0	2	0	0
54	1	0	0	0	0	0	0	0	0	0	0	0	0	0	0	0	1	0	1	0	0	0	0	1	0	0	0	2	0	0	0	0	0	1	0	0	2	3	0	0	0	0	0	0	0	0	3	0	0	3	0	0	0	0	0	0
14	3	0	0	0	0	0	0	0	0	0	0	0	0	0	0	1	3	0	0	0	0	0	0	2	0	0	0	3	0	0	0	0	0	1	0	0	3	2	0	0	0	0	0	0	0	0	4	0	0	0	0	0	0	0	0	0
15	1	0	0	0	0	0	0	0	0	0	0	0	0	0	0	3	0	0	0	0	0	0	0	0	4	0	0	4	0	0	0	0	0	1	0	0	4	3	0	0	0	0	0	0	0	0	5	0	0	0	0	0	0	0	0	0
16	1	1	2	0	0	0	0	0	1	0	0	0	0	0	0	0	0	0	0	0	0	0	0	0	1	0	0	1	1	1	0	0	0	1	0	0	1	1	0	0	0	0	0	0	0	0	1	0	0	1	0	0	0	3	0	0
17	2	1	2	0	0	0	0	0	1	0	0	0	0	0	0	1	0	0	0	0	0	0	0	0	1	0	0	1	1	1	0	0	0	1	0	0	1	3	0	0	0	0	0	0	0	0	1	0	0	1	0	0	0	3	0	0
18	14	0	0	0	0	0	0	0	0	0	0	0	0	0	0	0	0	0	0	0	0	0	0	0	3	0	0	3	0	0	0	0	0	1	0	0	3	3	0	0	0	0	0	0	0	0	4	0	0	0	0	0	0	0	0	0
19	1	1	2	0	0	0	0	0	1	0	0	0	0	0	0	0	0	0	0	0	0	0	0	0	1	1	0	1	1	1	0	0	0	1	0	0	1	3	0	0	0	0	0	0	0	0	1	0	0	1	0	0	0	3	0	0
23	1	0	0	0	0	0	0	0	0	0	0	0	0	0	0	0	0	0	0	0	0	0	0	0	1	0	0	1	0	0	0	0	0	1	0	0	1	1	0	0	0	0	0	0	0	0	2	0	0	2	0	0	0	3	0	0
26	14	0	0	0	0	0	0	0	0	0	0	0	0	0	0	0	0	0	0	0	0	0	0	0	3	0	0	3	0	0	0	0	0	1	0	0	3	3	0	0	0	0	0	0	0	0	4	0	0	0	0	0	0	0	0	0
37	21	1	2	0	0	0	0	0	1	0	0	0	0	0	0	0	0	0	0	0	0	0	0	0	1	0	0	1	1	0	0	0	1	1	0	0	1	1	0	0	0	0	0	0	0	0	1	0	0	1	0	0	0	2	0	0
38	6	1	2	0	0	0	0	0	1	0	0	0	0	0	0	0	0	0	0	0	0	0	0	0	2	0	0	2	1	0	0	0	0	1	0	0	2	4	0	0	0	0	0	0	0	0	1	0	0	1	0	0	0	2	1	0
39	1	2	4	0	0	0	0	0	2	0	0	0	0	0	0	0	0	0	0	0	0	0	0	0	2	0	0	2	2	0	0	0	1	1	0	0	2	4	0	0	0	0	0	0	0	0	1	0	0	1	0	0	0	3	1	0
41	30	1	2	0	0	0	0	0	1	0	0	0	0	0	0	0	0	0	0	0	0	0	0	0	1	0	0	1	1	0	0	0	1	1	0	0	1	2	0	0	0	0	0	0	0	0	1	0	0	1	0	0	0	2	0	0
42	7	1	1	0	0	0	0	0	1	0	0	0	0	0	0	0	0	0	0	0	0	0	0	0	1	0	0	1	1	0	0	0	0	1	0	1	1	1	0	0	0	0	0	0	0	0	1	0	0	1	0	0	0	1	0	0
45	7	1	1	0	0	0	0	0	1	0	0	0	0	0	0	0	0	0	0	0	0	0	0	0	1	0	0	1	1	0	0	0	0	1	0	1	1	1	0	0	0	0	0	0	0	0	1	0	0	1	0	0	0	1	0	0
14	1	0	0	0	0	0	0	0	0	0	0	0	0	0	2	0	3	0	0	0	0	0	0	2	0	0	0	3	0	0	0	0	0	1	0	0	3	2	0	0	0	0	0	0	0	0	4	0	0	0	0	0	0	0	0	0
15	3	0	3	0	0	3	0	0	0	0	0	0	0	0	0	0	4	0	0	0	0	0	0	0	0	0	0	4	0	0	0	0	0	1	0	0	4	3	0	0	0	0	0	0	0	0	2	0	0	0	0	0	0	1	0	0
18	9	0	3	0	0	0	0	0	0	0	0	0	0	0	0	0	1	0	0	0	0	0	0	0	3	0	0	4	0	0	0	0	0	1	0	0	4	3	0	0	0	0	0	0	0	0	2	0	0	0	0	0	0	1	0	0
20	4	0	0	0	0	0	0	0	0	0	0	0	0	0	2	0	3	0	0	0	0	0	0	2	0	0	0	3	0	0	0	0	0	1	0	0	3	4	0	0	0	0	0	0	0	0	4	0	0	0	0	0	0	0	0	0
22	1	0	0	0	0	0	0	0	0	0	0	0	0	0	2	0	1	0	1	0	0	0	0	1	0	0	0	2	0	0	0	0	0	1	0	0	2	3	0	0	0	0	0	0	0	0	3	0	0	0	0	0	0	0	0	0
23	1	1	1	0	0	0	0	0	1	0	0	0	0	0	0	0	1	0	0	0	0	0	0	0	0	0	0	1	0	0	0	0	1	1	0	1	1	1	0	0	0	0	0	0	0	0	2	0	0	2	0	0	0	1	0	0
24	1	2	2	0	0	0	0	0	2	0	0	0	0	0	0	0	1	0	0	0	0	0	0	0	0	0	0	1	0	0	0	0	1	1	0	0	1	2	0	0	0	0	0	0	0	0	2	0	0	2	0	0	0	1	1	0
25	4	4	4	0	0	0	0	0	4	0	0	0	0	0	0	0	0	1	0	0	0	0	0	1	0	0	0	2	0	0	0	0	4	1	0	0	2	1	0	0	0	0	0	0	0	0	1	0	0	1	0	0	0	1	2	0
26	9	0	3	0	0	0	0	0	0	0	0	0	0	0	0	0	1	0	0	0	0	0	0	0	3	0	0	4	0	0	0	0	0	1	0	0	4	3	0	0	0	0	0	0	0	0	2	0	0	0	0	0	0	1	0	0
31	22	1	1	0	0	0	0	0	1	0	0	0	0	0	0	0	0	0	0	0	0	0	0	0	1	0	0	1	1	0	0	0	1	1	0	0	1	1	0	0	0	0	0	0	0	0	1	0	0	1	0	0	0	1	0	0
40	2	1	2	0	0	0	0	0	1	0	0	0	0	0	0	0	0	0	0	0	0	0	0	0	1	0	0	1	1	0	0	0	1	1	0	0	1	3	0	0	0	0	0	0	0	0	1	0	0	1	0	0	0	1	1	0
54	1	0	0	0	0	0	0	0	0	0	0	0	0	0	0	0	0	0	0	1	0	0	0	2	0	3	0	3	0	0	0	0	0	1	0	0	3	3	0	0	0	0	0	0	0	0	1	0	0	0	0	0	0	1	0	0
14	13	0	0	0	0	0	0	0	0	0	0	0	0	0	0	0	3	0	0	0	0	0	0	2	0	0	2	3	0	0	0	0	0	1	0	0	3	2	0	0	0	0	0	0	0	0	4	0	0	0	0	0	0	0	0	0
15	2	0	0	0	0	0	0	0	0	0	0	0	0	0	0	1	3	0	0	0	0	0	0	2	0	0	1	3	0	0	0	0	0	1	0	0	3	3	0	0	0	0	0	0	0	0	4	0	0	0	0	0	0	0	0	0
18	1	0	0	0	0	0	0	0	0	0	0	0	0	0	0	1	2	0	1	0	0	0	0	2	0	1	0	3	0	0	0	0	0	1	0	0	3	3	0	0	0	0	0	0	0	0	4	0	0	0	0	0	0	0	0	0
23	7	0	0	0	0	0	0	0	0	0	0	0	0	0	0	0	0	0	0	0	0	0	0	0	1	0	0	1	0	0	0	0	0	1	0	0	1	1	0	0	0	0	0	0	0	0	2	0	0	1	0	0	0	1	0	0
24	5	0	0	0	0	0	0	0	0	0	0	0	0	0	0	0	0	0	0	0	0	0	0	0	1	0	0	1	0	0	0	0	0	1	0	0	1	2	0	0	0	0	0	0	0	0	2	0	0	1	0	0	0	2	0	0
25	1	0	0	0	0	0	0	0	0	0	0	0	0	0	0	0	0	0	0	0	0	0	0	0	1	0	0	1	0	0	0	0	0	1	0	0	1	1	0	0	0	0	0	0	0	0	2	0	0	0	0	0	0	1	0	0
26	1	0	0	0	0	0	0	0	0	0	0	0	0	0	0	0	1	0	1	0	0	0	0	1	0	0	1	2	0	0	0	0	0	1	0	0	2	3	0	0	0	0	0	0	0	0	3	0	0	0	0	0	0	0	0	0
48	17	1	1	0	0	0	0	0	1	0	0	0	0	0	0	0	0	0	0	0	0	0	0	0	1	0	0	1	1	0	0	0	0	1	0	0	1	2	0	0	0	0	0	0	0	0	1	0	0	1	0	0	0	1	0	0
51	1	1	1	0	0	0	0	0	1	0	0	0	0	0	0	0	0	1	0	0	0	0	0	3	2	0	0	4	4	1	0	0	0	1	0	0	4	3	0	0	0	0	0	0	0	0	3	2	2	0	0	0	0	0	0	0
52	2	1	1	0	0	0	0	0	1	0	0	0	0	0	0	0	0	1	0	0	0	0	0	3	2	0	0	4	4	1	0	0	0	1	0	0	4	3	0	0	0	0	2	0	0	0	3	2	0	0	0	0	0	0	0	0
14	3	0	0	0	0	0	0	0	0	0	0	0	0	0	1	0	3	0	0	0	0	0	0	2	0	0	0	3	0	0	0	0	0	1	0	0	3	2	0	0	0	0	0	0	0	0	4	0	0	0	0	0	0	0	0	0
16	1	1	2	0	0	0	0	0	1	0	0	0	0	0	0	0	0	0	0	0	0	0	0	2	3	0	0	3	3	0	0	0	1	1	0	0	3	1	0	0	0	0	0	0	0	0	1	0	0	1	0	0	0	1	0	0
17	1	1	2	0	0	0	0	0	1	0	0	0	0	0	0	0	0	0	0	0	0	0	0	2	3	0	0	3	3	0	0	0	1	1	0	0	3	3	0	0	0	0	0	0	0	0	1	0	0	1	0	0	0	1	0	0
37	9	1	2	0	0	0	0	0	1	0	0	0	0	0	0	0	0	0	0	0	0	0	0	0	1	0	0	1	1	0	0	0	0	1	0	0	1	1	0	0	0	0	0	0	0	0	1	0	0	1	0	0	0	2	0	0
41	12	1	2	0	0	0	0	0	1	0	0	0	0	0	0	0	0	0	0	0	0	0	0	0	1	0	0	1	1	0	0	0	0	1	0	0	1	2	0	0	0	0	0	0	0	0	1	0	0	1	0	0	0	2	0	0
42	4	1	1	0	0	0	0	0	1	0	0	0	0	0	0	0	0	1	0	0	0	0	0	1	0	0	0	2	2	0	0	0	0	1	0	0	2	1	0	0	0	0	0	0	0	0	1	0	0	1	0	0	0	1	0	0
45	1	1	1	0	0	0	0	0	1	0	0	0	0	0	0	0	0	1	0	0	0	0	0	1	1	0	0	3	3	0	0	0	0	1	0	0	3	1	0	0	0	0	0	0	0	0	1	0	0	1	0	0	0	1	0	0
46	1	1	1	0	0	0	0	0	1	0	0	0	0	0	0	0	0	1	0	0	0	0	0	1	0	0	0	2	2	0	0	0	0	1	0	0	2	1	0	0	0	0	0	0	0	0	1	0	0	1	0	0	0	2	0	0
49	2	1	1	0	0	0	0	0	1	0	0	0	1	0	0	0	0	0	0	0	0	0	0	0	1	0	0	1	1	0	0	0	0	1	0	0	1	2	0	0	0	0	0	0	0	0	1	0	0	1	0	0	0	1	0	0
50	2	1	1	0	0	0	0	0	1	0	0	0	1	0	0	0	0	0	0	0	0	0	0	0	1	0	0	1	1	0	0	0	0	1	0	0	1	2	0	0	0	0	0	0	0	0	1	0	0	1	0	0	0	1	0	0
54	2	3	3	0	0	0	0	0	3	0	0	0	0	0	6	0	0	0	0	0	0	3	0	9	0	0	0	12	12	0	0	0	0	1	0	0	12	3	0	0	0	0	0	0	0	0	1	0	0	1	0	0	0	3	0	0
14	4	0	0	0	0	0	0	0	0	0	0	0	0	0	0	2	3	0	0	0	0	0	0	3	1	0	0	4	0	0	0	0	0	1	0	0	4	2	0	0	0	0	0	0	0	0	4	0	0	0	0	0	0	0	0	0
18	9	0	0	0	0	0	0	0	0	0	0	0	0	0	0	0	1	0	0	0	0	0	0	0	2	0	0	3	0	0	0	0	0	1	0	0	3	3	0	0	0	0	0	0	0	0	4	0	0	0	0	0	0	0	0	0
19	5	1	3	0	0	0	0	0	1	0	0	0	0	0	0	0	0	0	0	0	0	0	0	2	4	0	0	4	4	1	0	0	0	1	0	0	4	3	0	0	0	0	0	0	0	0	1	0	0	1	0	0	0	1	0	0
22	1	0	0	0	0	0	0	0	0	0	0	0	0	0	0	2	1	0	0	0	0	0	0	0	1	0	0	2	0	0	0	0	0	1	0	0	2	3	0	0	0	0	0	0	0	0	3	0	0	0	0	0	0	0	0	0
26	6	0	0	0	0	0	0	0	0	0	0	0	0	0	0	0	1	0	0	0	0	0	0	0	6	0	0	7	0	0	0	0	0	1	0	0	7	3	0	0	0	0	0	0	0	0	8	0	0	0	0	0	0	0	0	0
51	6	1	1	0	0	0	0	0	1	0	0	0	0	0	0	0	0	0	0	0	0	0	0	1	2	0	0	2	2	1	0	0	0	1	0	0	2	3	0	0	0	0	0	0	0	0	2	1	1	0	0	0	0	0	0	0
52	1	1	1	0	0	0	0	0	1	0	0	0	0	0	0	0	0	0	0	0	0	0	0	1	2	0	0	2	2	1	0	0	0	1	0	0	2	3	0	0	0	0	1	0	0	0	2	1	0	0	0	0	0	0	0	0
14	6	0	0	0	0	0	0	0	0	0	0	0	0	0	0	1	3	0	1	0	0	0	0	3	0	0	1	4	0	0	0	0	0	1	0	0	4	2	0	0	0	0	0	0	0	0	5	0	0	0	0	0	0	0	0	0
15	3	0	0	0	0	0	0	0	0	0	0	0	0	0	0	0	3	0	2	0	0	0	0	4	0	0	0	5	0	0	0	0	0	1	0	0	5	3	0	0	0	0	0	0	0	0	6	0	0	0	0	0	0	0	0	0
16	2	1	2	0	0	0	0	0	1	0	0	0	0	0	0	0	0	0	0	0	0	0	0	2	5	0	0	5	2	0	0	0	1	1	0	0	5	1	0	0	0	0	0	0	2	0	3	0	0	1	0	0	0	1	0	0
16	1	0	2	0	0	0	0	0	1	0	0	0	0	0	0	0	0	0	0	0	0	0	0	1	2	0	0	2	2	1	0	0	0	1	0	0	2	1	0	0	0	0	0	0	0	0	1	0	0	1	0	0	0	1	0	0
17	1	0	2	0	0	0	0	0	1	0	0	0	0	0	0	0	0	0	0	0	0	0	0	1	2	0	0	2	2	1	0	0	0	1	0	0	2	3	0	0	0	0	0	0	0	0	1	0	0	1	0	0	0	1	0	0
18	2	0	0	0	0	0	0	0	0	0	0	0	0	0	0	0	1	0	0	0	1	0	0	5	3	0	0	6	0	0	0	0	0	1	0	0	6	3	0	0	0	0	0	0	0	0	5	0	0	0	0	0	0	0	0	0
19	1	0	3	0	0	0	0	0	1	0	0	0	0	0	0	0	0	1	0	0	0	0	0	3	2	0	0	4	4	1	0	0	0	1	0	0	4	3	0	0	0	0	0	0	0	0	1	0	0	1	0	0	0	1	0	0
23	7	0	0	0	0	0	0	0	0	0	0	0	0	0	0	0	0	1	0	0	0	0	0	1	0	0	0	2	0	0	0	0	0	1	0	0	2	1	0	0	0	0	0	0	0	0	3	0	0	2	0	0	0	0	0	0
28	1	0	1	0	0	0	0	0	1	0	0	0	0	0	0	0	0	0	0	0	0	0	0	0	0	0	0	0	0	0	0	0	1	1	0	0	0	1	0	0	0	0	0	0	0	0	1	0	0	1	0	0	0	2	0	0
31	3	0	0	0	0	0	0	0	1	0	0	0	0	0	0	0	0	0	0	0	0	0	0	0	0	0	0	0	0	0	0	0	1	1	0	0	0	1	0	0	0	0	0	0	0	0	1	0	0	1	0	0	0	2	0	0
32	1	0	0	0	0	0	0	0	1	0	0	0	0	0	0	0	0	0	0	0	0	0	0	0	0	0	0	0	0	0	0	0	1	1	0	1	0	1	0	0	0	0	0	0	0	0	1	0	0	1	0	0	0	2	0	0
36	2	0	0	0	0	1	0	0	0	1	0	0	0	0	0	0	0	0	0	0	0	0	0	0	0	0	0	0	0	0	0	0	0	1	0	0	0	1	0	0	0	0	0	0	0	0	1	0	0	1	0	0	0	2	1	0
37	1	0	2	0	0	0	0	0	1	0	0	0	0	0	0	0	0	0	0	0	0	0	0	0	1	0	0	1	1	0	0	0	1	1	0	0	1	1	0	0	0	0	0	0	0	0	1	0	0	1	0	0	0	1	0	0
38	4	0	2	0	0	0	0	0	1	0	0	0	0	0	0	0	0	0	0	0	0	0	0	1	2	0	0	2	2	0	0	0	0	1	0	0	2	4	0	0	0	0	0	0	0	0	1	0	0	1	0	0	0	1	1	0
39	1	0	4	0	0	0	0	0	2	0	0	0	0	0	0	0	0	0	0	0	0	0	0	0	2	0	0	2	2	0	0	0	1	1	0	0	2	4	0	0	0	0	0	0	0	0	1	0	0	1	0	0	0	1	1	0
41	1	0	2	0	0	0	0	0	1	0	0	0	0	0	0	0	0	0	0	0	0	0	0	0	1	0	0	1	1	0	0	0	1	1	0	0	1	2	0	0	0	0	0	0	0	0	1	0	0	1	0	0	0	1	0	0
15	1	0	0	0	0	0	0	0	0	0	0	0	0	0	0	0	3	0	0	0	0	0	0	3	3	0	3	6	0	0	0	0	0	1	0	0	6	3	0	0	0	0	0	0	0	0	7	0	0	0	0	0	0	0	0	0
18	1	0	0	0	0	0	0	0	0	0	0	0	0	0	0	3	4	0	0	0	0	0	0	3	2	0	0	6	0	0	0	0	0	1	0	0	6	3	0	0	0	0	0	0	0	0	7	0	0	0	0	0	0	0	0	0
23	2	0	0	0	0	0	0	0	0	0	0	0	0	0	0	0	1	0	0	0	0	0	0	0	0	0	0	1	0	0	0	0	0	1	0	0	1	1	0	0	0	0	0	0	0	0	2	0	0	1	0	0	0	0	0	0
24	3	0	0	0	0	0	0	0	0	0	0	0	0	0	0	0	1	0	0	0	0	0	0	0	0	0	0	1	0	0	0	0	0	1	0	0	1	2	0	0	0	0	0	0	0	0	2	0	0	1	0	0	0	0	0	0
25	1	0	0	0	0	0	0	0	0	0	0	0	0	0	0	0	1	0	0	0	0	0	0	0	1	0	0	2	0	0	0	0	0	1	0	0	2	1	0	0	0	0	0	0	0	0	3	0	0	1	0	0	0	0	0	0
44	9	1	2	0	0	0	0	0	1	0	0	0	0	0	0	0	0	0	0	0	0	0	0	0	0	0	0	0	0	0	0	0	0	1	0	0	0	1	0	1	0	0	0	0	0	0	1	0	0	0	0	0	0	2	0	0
51	4	1	1	0	0	0	0	0	1	0	0	0	0	0	0	0	0	0	0	0	0	0	0	0	1	0	0	1	1	0	0	0	0	1	0	0	1	3	0	0	0	0	0	0	0	0	2	1	1	0	0	0	0	0	0	0
52	1	1	1	0	0	0	0	0	1	0	0	0	0	0	0	0	0	0	0	0	0	0	0	0	1	0	0	1	1	0	0	0	0	1	0	0	1	3	0	0	0	0	1	0	0	0	2	1	0	0	0	0	0	0	0	0
14	1	0	0	0	0	0	0	0	0	0	0	0	0	0	0	1	1	0	0	0	0	0	0	2	2	0	1	3	0	0	0	0	0	1	0	0	3	2	0	0	0	0	0	0	0	0	4	0	0	0	0	0	0	0	0	0
15	1	0	0	0	0	0	0	0	0	0	0	0	0	0	0	0	0	0	0	0	0	0	0	0	1	0	0	1	0	0	0	0	0	1	0	0	1	3	0	0	0	0	0	0	0	0	2	0	0	0	0	0	0	7	0	0
18	1	0	0	0	0	0	0	0	0	0	0	0	0	0	0	0	0	0	0	1	0	0	0	2	0	0	0	3	0	0	0	0	0	1	0	0	3	3	0	0	0	0	0	0	0	0	4	0	0	0	0	0	0	6	0	0
19	4	1	3	0	0	0	0	0	1	0	0	0	0	0	0	0	0	1	0	0	0	0	0	3	2	0	0	4	4	1	0	0	0	1	0	0	4	3	0	0	0	0	0	0	0	0	1	0	0	1	0	0	0	1	0	0
20	5	0	0	0	0	0	0	0	0	0	0	0	0	0	0	2	0	1	0	0	0	0	0	3	2	0	0	4	0	0	0	0	0	1	0	0	4	4	0	0	0	0	0	0	0	0	3	0	0	0	0	0	0	0	0	0
22	1	0	0	0	0	0	0	0	0	0	0	0	0	0	0	0	0	0	0	0	0	0	0	0	1	0	1	1	0	0	0	0	0	1	0	0	1	3	0	0	0	0	0	0	0	0	2	0	0	0	0	0	0	2	0	0
23	1	0	0	0	0	0	0	0	0	0	0	0	0	0	0	0	1	0	0	0	0	0	0	0	0	0	0	1	0	0	0	0	0	1	0	0	1	1	0	1	0	0	0	0	0	0	2	0	0	1	0	0	0	2	0	0
24	1	0	0	0	0	0	0	0	0	0	0	0	0	0	0	0	1	0	0	0	0	0	0	0	0	0	0	1	0	0	0	0	0	1	0	0	1	2	0	1	0	0	0	0	0	0	2	0	0	1	0	0	0	2	0	0
25	3	0	0	0	0	0	0	0	0	0	0	0	0	0	0	0	0	0	0	1	0	0	0	2	0	0	0	3	0	0	0	0	0	1	0	0	3	1	0	0	0	0	0	0	0	0	4	0	0	0	0	0	0	0	0	0
26	1	0	0	0	0	0	0	0	0	0	0	0	0	0	0	0	0	0	0	0	0	0	0	0	1	0	0	1	0	0	0	0	0	1	0	0	1	3	0	0	0	0	0	0	0	0	2	0	0	0	0	0	0	1	0	0
28	23	1	1	0	0	0	0	0	1	0	0	0	0	0	0	0	0	0	0	0	0	0	0	0	0	0	0	0	0	0	0	0	1	1	0	0	0	1	0	0	0	0	0	0	0	0	1	0	0	1	0	0	0	1	0	0
33	1	0	1	1	0	0	0	0	1	0	0	0	0	0	0	0	0	0	0	0	0	0	0	0	0	0	0	0	0	0	0	0	1	1	0	0	0	2	0	0	0	0	0	0	0	0	1	0	0	1	0	0	0	2	0	1
38	6	1	2	0	0	0	0	0	1	0	0	0	0	0	0	0	1	0	0	0	0	0	0	0	1	0	0	2	1	0	0	0	0	1	0	0	2	4	0	0	0	0	0	0	0	0	1	0	0	1	0	0	0	2	1	0
40	2	1	2	0	0	0	0	0	1	0	0	0	0	0	0	0	0	0	0	0	0	0	0	0	2	0	0	2	1	0	0	0	1	1	0	0	2	3	0	0	0	0	0	0	0	0	1	0	0	1	0	0	0	2	1	0
54	1	0	0	0	0	0	0	0	0	0	0	0	0	0	0	0	0	1	0	0	0	0	0	1	0	0	0	2	0	0	0	0	0	1	0	0	2	3	0	0	0	0	0	0	0	0	3	0	0	3	0	0	0	0	0	0
14	13	0	0	0	0	0	0	0	0	0	0	0	0	0	0	2	3	0	0	0	0	0	0	2	0	0	0	3	0	0	0	0	0	1	0	0	3	2	0	0	0	0	0	0	0	0	4	0	0	0	0	0	0	0	0	0
26	8	0	0	0	0	0	0	0	0	0	0	0	0	0	0	0	1	0	0	0	0	0	4	6	0	0	0	7	0	0	0	0	0	1	0	0	7	3	0	0	0	0	0	0	0	0	8	0	0	0	0	0	0	0	0	0
14	11	0	0	0	0	0	0	0	0	0	0	0	0	0	1	0	3	0	0	0	0	0	0	2	0	1	0	3	0	0	0	0	0	1	0	0	3	2	0	0	0	0	0	0	0	0	4	0	0	0	0	0	0	0	0	0
15	3	0	0	0	0	0	0	0	0	0	0	0	0	0	3	0	1	0	0	0	0	0	1	3	0	0	0	4	0	0	0	0	0	1	0	0	4	3	0	0	0	0	0	0	0	0	5	0	0	0	0	0	0	0	0	0
26	33	0	0	0	0	0	0	0	0	0	0	0	0	0	0	0	0	0	0	1	0	0	0	2	0	0	0	3	0	0	0	0	0	1	0	0	3	3	0	0	0	0	0	0	0	0	4	0	0	0	0	0	0	0	0	0
14	7	0	0	0	0	0	0	0	0	0	0	0	0	0	0	1	0	1	0	0	0	0	0	3	2	0	1	4	0	0	0	0	0	1	0	0	4	2	0	0	0	0	0	0	0	0	5	0	0	0	0	0	0	0	0	0
16	2	0	0	0	0	0	0	0	0	0	0	0	0	0	0	0	0	0	0	0	0	2	0	4	0	0	0	5	0	0	0	0	0	1	0	0	5	1	0	0	0	0	0	0	6	0	6	0	0	0	0	0	0	0	0	0
22	3	0	0	0	0	0	0	0	0	0	0	0	0	0	0	2	0	1	0	0	0	0	0	1	0	0	0	2	0	0	0	0	0	1	0	0	2	3	0	0	0	0	0	0	0	0	3	0	0	0	0	0	0	0	0	0
28	1	1	2	0	0	0	0	0	1	0	0	0	0	0	0	0	0	0	0	0	0	0	0	0	0	0	0	0	0	0	0	0	1	1	0	0	0	1	0	0	0	0	0	0	0	0	1	0	0	1	0	0	0	2	0	1
30	2	1	2	0	0	0	0	0	1	0	0	0	0	0	0	0	0	1	0	0	0	0	0	1	1	0	0	3	1	0	0	1	0	1	0	0	3	2	0	0	0	0	0	0	2	0	3	0	0	1	0	0	0	1	0	0
33	6	1	2	0	0	0	0	0	1	0	0	0	0	0	0	0	0	0	0	0	0	0	0	0	0	0	0	0	0	0	0	0	1	1	0	0	0	2	0	0	0	0	0	0	0	0	1	0	0	1	0	0	0	2	0	1
38	1	0	2	0	0	0	0	0	1	0	0	0	1	0	0	0	0	1	0	0	0	0	0	1	0	0	0	2	2	0	0	0	0	1	0	0	2	4	0	0	0	0	0	0	0	0	1	0	0	1	0	0	0	1	1	0
40	1	1	2	0	0	0	0	0	1	0	0	0	0	0	0	0	0	0	0	0	0	0	0	1	3	0	0	3	3	1	0	0	0	1	0	0	3	3	0	0	0	0	0	0	0	0	1	0	0	1	0	0	0	2	0	0
42	7	1	1	0	0	0	0	0	1	0	0	0	0	0	0	0	0	0	0	0	0	0	0	0	1	0	0	1	1	1	0	0	0	1	0	1	1	1	0	0	0	0	0	0	0	0	1	0	0	1	0	0	0	1	0	0
45	1	1	1	0	0	0	0	0	1	0	0	0	0	0	0	0	0	0	0	0	0	0	0	0	2	0	0	2	1	1	0	0	0	1	0	1	2	1	0	1	0	0	0	0	1	0	2	0	0	1	0	0	0	1	0	0
54	1	0	0	0	0	0	0	0	0	0	0	0	0	0	0	0	0	0	0	1	0	0	0	2	0	0	0	3	0	0	0	0	0	1	0	0	3	3	0	0	0	0	0	0	1	0	4	0	0	3	0	0	0	0	0	0
14	35	0	0	0	0	0	0	0	0	0	0	0	0	0	0	0	2	0	0	0	0	0	0	2	1	2	0	3	0	0	0	0	0	1	0	0	3	2	0	0	0	0	0	0	0	0	4	0	0	0	0	0	0	0	0	0
15	2	0	3	0	0	0	0	0	0	0	0	0	0	0	0	0	0	0	0	0	0	0	0	0	4	0	0	4	0	0	0	0	0	1	0	0	4	3	0	0	0	0	0	0	0	0	2	0	0	0	0	0	0	1	0	0
19	3	1	4	0	0	0	0	0	1	0	0	0	0	0	0	0	0	0	0	0	0	0	0	0	2	0	0	2	2	1	0	0	0	1	0	0	2	3	0	1	0	0	0	0	0	0	1	0	0	0	0	0	0	1	0	0
23	10	0	0	0	0	0	0	0	0	0	0	0	0	0	0	0	0	0	0	0	0	0	0	0	1	0	0	1	0	0	0	0	0	1	0	0	1	1	0	1	0	0	0	0	0	0	2	0	0	1	0	0	0	2	0	0
26	15	0	0	0	0	0	0	0	0	0	0	0	0	0	0	0	0	1	0	0	0	0	0	1	0	0	0	2	0	0	0	0	0	1	0	0	2	3	0	0	0	0	0	0	0	0	3	0	0	0	0	0	0	0	0	0
30	30	1	2	0	0	0	0	0	1	0	0	0	0	0	0	0	0	0	0	0	0	0	0	0	1	0	0	1	1	0	0	0	1	1	0	0	1	2	0	0	0	0	0	0	0	0	1	0	0	1	0	0	0	2	0	0
51	6	2	2	0	0	0	0	0	2	0	0	0	0	0	0	0	0	0	0	0	0	0	0	2	4	0	0	4	4	2	0	0	0	1	1	0	4	3	0	0	0	0	0	0	0	0	3	2	2	0	0	0	0	0	0	0
52	5	2	2	0	0	0	0	0	2	0	0	0	0	0	0	0	0	0	0	0	0	0	0	2	4	0	0	4	4	2	0	0	0	1	1	0	4	3	0	0	0	0	2	0	0	0	3	2	0	0	0	0	0	0	0	0
14	5	0	0	0	0	0	0	0	0	0	0	0	0	0	0	1	0	1	0	0	0	0	0	3	2	0	1	4	0	0	0	0	0	1	0	0	4	2	0	0	0	0	0	0	0	0	3	0	0	0	0	0	0	0	0	0
15	7	0	0	0	0	0	0	0	0	0	0	0	0	0	0	3	0	0	0	1	0	0	0	2	0	0	0	3	0	0	0	0	0	1	0	0	3	3	0	0	0	0	0	0	0	0	4	0	0	0	0	0	0	0	0	0
20	6	0	0	0	0	0	0	0	0	0	0	0	0	0	0	2	3	0	0	0	0	0	0	2	0	0	0	3	0	0	0	0	0	1	0	0	3	4	0	0	0	0	0	0	0	0	4	0	0	0	0	0	0	0	0	0
24	4	0	0	0	0	0	0	0	0	0	0	0	0	0	0	0	0	0	0	0	0	0	0	0	1	0	0	1	0	0	0	0	0	1	0	0	1	2	0	1	0	0	0	0	0	0	2	0	0	1	0	0	0	2	0	0
28	1	2	2	0	0	0	0	0	2	0	0	0	0	0	0	0	0	0	0	0	0	0	0	0	0	0	0	0	0	0	0	0	1	1	1	0	0	1	0	0	0	0	0	0	0	0	1	0	0	1	0	0	0	2	0	0
30	1	1	2	0	0	0	0	0	1	0	0	0	0	0	0	0	1	0	0	0	0	0	0	0	0	0	0	1	1	0	0	0	1	1	0	0	1	2	0	0	0	0	0	0	0	0	1	0	0	1	0	0	0	2	0	0
44	3	1	2	0	0	0	0	0	1	0	0	0	0	0	0	0	0	0	0	0	0	0	0	0	0	0	0	0	0	0	0	0	0	1	0	0	0	1	0	0	0	0	0	0	0	0	1	0	0	1	0	0	0	3	0	0
15	2	0	0	0	0	0	0	0	0	0	0	0	0	0	0	3	1	0	0	0	1	0	0	2	0	0	0	3	0	0	0	0	0	1	0	0	3	3	0	0	0	0	0	0	0	0	4	0	0	0	0	0	0	0	0	0
16	4	1	2	0	0	0	0	0	1	0	0	0	0	0	0	0	1	0	0	0	0	0	0	0	1	0	0	2	1	0	0	0	1	1	0	0	2	1	0	0	0	0	0	0	1	0	2	0	0	1	0	0	0	1	0	0
17	4	1	2	0	0	0	0	0	1	0	0	0	0	0	0	0	0	0	0	0	0	0	0	0	1	0	0	1	1	1	0	0	0	1	0	0	1	3	0	0	0	0	0	0	0	0	1	0	0	0	0	0	0	1	0	0
19	1	1	3	0	0	0	0	0	1	0	0	0	0	0	0	0	0	1	0	0	0	0	0	1	0	0	0	2	2	1	0	0	0	1	0	0	2	3	0	0	0	0	0	0	0	0	1	0	0	0	0	0	0	1	0	0
20	1	0	0	0	0	0	0	0	0	0	0	0	0	0	0	0	0	1	0	0	0	0	0	2	1	0	1	3	0	0	0	0	0	1	0	0	3	4	0	0	0	0	0	0	0	0	3	0	0	0	0	0	0	0	0	0
20	2	0	0	0	0	0	0	0	0	0	0	0	0	0	0	1	0	1	0	0	0	0	0	2	1	0	1	3	0	0	0	0	0	1	0	0	3	4	0	0	0	0	0	0	0	0	3	0	0	0	0	0	0	0	0	0
22	1	0	0	0	0	0	0	0	0	0	0	0	0	0	0	1	0	1	0	0	0	0	0	1	0	0	0	2	0	0	0	0	0	1	0	0	2	3	0	0	0	0	0	0	0	0	3	0	0	0	0	0	0	0	0	0
23	7	0	0	0	0	0	0	0	0	0	0	0	0	0	0	0	0	0	0	0	0	0	0	0	1	0	0	1	0	0	0	0	0	1	0	0	1	1	0	0	0	0	0	0	0	0	1	0	0	1	0	0	0	2	0	0
24	7	0	0	0	0	0	0	0	0	0	0	0	0	0	0	0	0	0	0	0	0	0	0	0	1	0	0	1	0	0	0	0	0	1	0	0	1	2	0	0	0	0	0	0	0	0	1	0	0	1	0	0	0	2	0	0
25	2	0	0	0	0	0	0	0	0	0	0	0	0	0	0	0	0	0	0	1	0	0	0	2	0	0	0	3	0	0	0	0	0	1	0	0	3	1	0	0	0	0	0	0	0	0	1	0	0	1	0	0	0	4	0	0
36	3	0	0	0	1	1	0	0	0	0	1	0	0	0	0	0	0	0	0	0	0	0	0	0	0	0	0	0	0	0	0	0	0	1	0	0	0	1	0	0	0	0	0	0	0	0	1	0	0	1	0	0	0	1	1	0
38	2	1	2	0	0	0	0	0	1	0	0	0	0	0	0	0	1	0	0	0	0	0	0	0	2	0	0	3	1	0	0	0	0	1	0	0	3	4	0	0	0	0	0	0	1	0	2	0	0	1	0	0	0	1	1	0
39	1	2	4	0	0	0	0	0	2	0	0	0	0	0	0	0	1	0	0	0	0	0	0	0	2	0	0	3	2	0	0	0	1	1	0	0	3	4	0	0	0	0	0	0	1	0	2	0	0	1	0	0	0	1	1	0
51	2	1	1	0	0	0	0	0	1	0	0	0	0	0	0	0	0	0	0	0	0	0	0	0	1	0	0	1	1	0	0	0	0	1	0	1	1	3	0	0	0	0	0	0	0	0	2	1	1	0	0	0	0	0	0	0
52	1	1	1	0	0	0	0	0	1	0	0	0	0	0	0	0	0	0	0	0	0	0	0	0	1	0	0	1	1	0	0	0	0	1	0	1	1	3	0	0	0	0	1	0	0	0	2	1	0	0	0	0	0	0	0	0
54	1	0	0	0	0	0	0	0	0	0	0	0	0	0	0	0	1	0	1	0	0	0	0	1	0	0	0	2	0	0	0	0	0	1	0	0	2	3	0	0	0	0	0	0	0	0	3	0	0	3	0	0	0	1	0	0
56	1	1	2	0	0	0	0	0	1	0	0	0	0	0	0	0	0	0	0	0	0	0	0	0	1	0	0	1	1	0	0	0	0	1	0	1	1	2	0	0	0	0	0	0	0	0	1	0	0	1	0	0	0	1	0	0
20	7	0	0	0	0	0	0	0	0	0	0	0	0	0	0	0	1	0	0	0	0	0	0	0	0	0	0	1	0	0	0	0	0	1	0	0	1	4	0	0	0	2	0	0	0	0	2	0	0	0	0	0	0	0	0	0
22	44	0	0	0	0	0	0	0	0	0	0	0	0	0	0	0	1	0	0	0	0	0	0	0	0	0	0	1	0	0	0	0	0	1	0	0	1	3	0	0	0	0	0	0	0	0	2	0	0	0	0	0	0	0	0	0
23	11	0	0	0	0	0	0	0	0	0	0	0	0	0	0	0	1	0	0	0	0	0	0	0	0	0	0	1	0	0	0	0	0	1	0	0	1	1	0	0	0	0	0	0	0	0	2	0	0	0	0	0	0	1	0	0
24	20	0	0	0	0	0	0	0	0	0	0	0	0	0	0	0	1	0	0	0	0	0	0	0	0	0	0	1	0	0	0	0	0	1	0	0	1	2	0	0	0	0	0	0	0	0	2	0	0	0	0	0	0	0	0	0
25	4	0	0	0	0	0	0	0	0	0	0	0	0	0	0	0	1	0	0	0	0	0	0	0	0	0	0	1	0	0	0	0	0	1	0	0	1	1	0	0	0	0	0	0	0	0	2	0	0	0	0	0	0	2	0	0
28	5	1	1	0	0	0	0	0	1	0	0	0	0	0	0	0	0	0	0	0	0	0	0	0	0	0	0	0	0	0	0	0	1	1	0	0	0	1	0	0	0	0	0	0	0	0	1	0	0	0	0	0	0	2	0	0
29	3	1	2	0	0	0	0	0	1	0	0	0	0	0	0	0	0	0	0	0	0	0	0	0	1	0	0	1	1	0	0	0	1	1	0	0	1	2	0	0	0	0	0	0	0	0	1	0	0	0	0	0	0	1	0	0
30	2	0	1	0	0	0	0	0	0	0	0	0	0	0	0	0	0	0	0	0	0	0	0	0	0	0	0	0	0	0	0	0	0	1	0	0	0	2	0	0	0	0	0	0	0	0	1	0	0	0	0	0	0	2	0	1
31	1	0	0	0	0	0	0	0	1	0	0	0	0	0	0	0	0	0	0	0	0	0	0	0	0	0	0	0	0	0	0	0	1	1	0	0	0	1	0	0	0	0	0	0	0	0	1	0	0	0	0	0	0	2	0	0
32	1	0	0	0	0	0	0	0	1	0	0	0	0	0	0	0	0	0	0	0	0	0	0	0	0	0	0	0	0	0	0	0	1	1	0	1	0	1	0	0	0	0	0	0	0	0	1	0	0	0	0	0	0	2	0	0
33	1	1	1	0	1	1	0	0	1	0	1	0	0	0	0	0	0	0	0	0	0	0	0	0	0	0	0	0	0	0	0	0	1	1	1	0	0	2	0	0	0	0	0	0	0	0	1	0	0	0	0	0	0	2	1	0
34	5	1	1	0	0	0	0	0	1	0	0	0	0	0	0	0	0	0	0	0	0	0	0	0	0	0	0	0	0	0	0	0	1	1	0	0	0	2	0	0	0	0	0	0	0	0	1	0	0	0	0	0	0	2	0	0
36	5	1	1	0	0	0	0	0	1	0	0	0	0	0	0	0	0	0	0	0	0	0	0	0	0	0	0	0	0	0	0	0	1	1	0	0	0	1	0	0	0	0	0	0	0	0	1	0	0	0	0	0	0	2	0	0
37	1	1	2	0	0	0	0	0	1	0	0	0	0	0	0	0	0	0	0	0	0	0	0	0	1	0	0	1	1	0	0	0	1	1	0	0	1	1	0	0	0	0	0	0	0	0	1	0	0	0	0	0	0	2	0	0
38	1	1	2	0	0	0	0	0	1	0	0	0	0	0	0	0	0	0	0	0	0	0	0	0	1	0	0	1	1	0	0	0	1	1	0	0	1	4	0	0	0	0	0	0	0	0	1	0	0	0	0	0	0	2	1	0
39	1	1	2	0	0	0	0	0	1	0	0	0	0	0	0	0	0	0	0	0	0	0	0	1	2	0	1	2	2	0	0	0	1	1	0	0	2	4	0	0	0	0	0	0	0	0	1	0	0	0	0	0	0	1	0	0
40	4	2	3	0	0	0	0	0	2	0	0	0	1	0	0	0	0	0	0	0	0	0	0	0	2	0	0	2	2	0	0	0	2	1	1	0	2	3	0	0	0	0	0	0	0	0	1	0	0	0	0	0	0	1	1	0
41	2	1	2	0	0	0	0	0	1	0	0	0	0	0	0	0	0	0	0	0	0	0	0	0	1	0	0	1	1	0	0	0	1	1	0	0	1	2	0	0	0	0	0	0	0	0	1	0	0	0	0	0	0	2	0	0
42	13	1	1	0	0	0	0	0	1	0	0	0	0	0	0	0	0	0	0	0	0	0	0	0	1	0	0	1	1	0	0	0	0	1	0	0	1	1	0	0	0	0	0	0	0	0	1	0	0	0	0	0	0	1	0	0
44	5	1	1	0	0	0	0	0	1	0	0	0	0	0	0	0	0	0	0	0	0	0	0	0	0	0	0	0	0	0	0	0	0	1	0	0	0	1	0	0	0	0	0	0	0	0	1	0	0	0	0	0	0	2	0	0
45	13	1	1	0	0	0	0	0	1	0	0	0	0	0	0	0	0	0	0	0	0	0	0	0	1	0	0	1	1	0	0	0	0	1	0	0	1	1	0	0	0	0	0	0	0	0	1	0	0	0	0	0	0	1	0	0
46	13	1	1	0	0	0	0	0	1	0	0	0	0	0	0	0	0	0	0	0	0	0	0	0	1	0	0	1	1	0	0	0	0	1	0	0	1	1	0	0	0	0	0	0	0	0	1	0	0	0	0	0	0	1	0	0
48	4	1	2	0	0	0	0	0	1	0	0	0	0	0	0	0	0	0	0	0	0	0	0	0	1	0	0	1	1	0	0	0	0	1	0	0	1	2	0	0	0	0	0	0	0	0	1	0	0	0	0	0	0	1	0	0
49	4	1	2	0	0	0	0	0	1	0	0	0	0	0	0	0	0	0	0	0	0	0	0	0	1	0	0	1	1	0	0	0	0	1	0	0	1	2	0	0	0	0	0	0	0	0	1	0	0	0	0	0	0	1	0	0
50	4	1	2	0	0	0	0	0	1	0	0	0	0	0	0	0	0	0	0	0	0	0	0	0	1	0	0	1	1	0	0	0	0	1	0	0	1	2	0	0	0	0	0	0	0	0	1	0	0	0	0	0	0	1	0	0
51	2	1	3	0	0	0	0	0	1	0	0	0	0	0	0	0	0	1	0	0	0	0	0	3	2	0	0	4	4	1	0	0	0	1	0	0	4	3	0	0	0	0	0	0	0	0	1	0	0	0	0	0	0	1	0	0
52	2	1	3	0	0	0	0	0	1	0	0	0	0	0	0	0	0	1	0	0	0	0	0	3	2	0	0	4	4	1	0	0	0	1	0	0	4	3	0	0	0	0	0	0	0	0	1	0	0	0	0	0	0	1	0	0
54	1	0	0	0	0	0	0	0	0	0	0	0	0	0	0	1	1	0	1	0	0	0	0	1	0	0	0	2	0	0	0	0	0	1	0	0	2	3	0	0	0	0	0	0	0	0	3	0	0	0	0	0	0	0	0	0
55	1	1	1	0	0	0	0	0	1	0	0	0	0	0	0	0	0	0	0	0	0	0	0	0	1	0	0	1	1	0	0	0	0	1	0	0	1	2	0	0	0	0	0	0	0	0	1	0	0	0	0	0	0	1	0	0
56	1	1	2	0	0	0	0	0	1	0	0	0	0	0	0	0	0	0	0	0	0	0	0	1	2	0	0	2	2	1	0	0	0	1	0	0	2	2	0	0	0	0	0	0	0	0	1	0	0	0	0	0	0	1	0	0
10	6	0	0	0	0	0	0	0	0	0	0	0	0	0	0	0	1	0	0	0	0	0	0	0	0	1	0	1	0	0	0	0	0	1	0	0	1	2	0	1	0	0	0	0	1	0	2	0	0	0	0	0	0	0	0	0
11	33	0	0	0	0	0	0	0	0	0	0	0	0	0	0	0	0	0	0	1	0	0	0	2	0	0	0	3	0	0	0	0	0	1	0	0	3	3	0	0	0	0	0	0	0	0	4	0	0	0	0	0	0	0	0	0
